City_ID,City,Country,Date,Lat,Lng,Max Temp,Humidity,Cloudiness,Wind Speed
0,Yellowknife,CA,2020-07-07 16:49:05,62.46,-114.35,55.4,71,75,12.75
1,Taoudenni,ML,2020-07-07 16:51:53,22.68,-3.98,118.49,5,14,13.98
2,Chokurdakh,RU,2020-07-07 16:51:53,70.63,147.92,38.79,91,99,10.6
3,Mount Gambier,AU,2020-07-07 16:51:53,-37.83,140.77,39.2,100,94,2.24
4,Ushuaia,AR,2020-07-07 16:49:19,-54.8,-68.3,39.2,51,75,14.99
5,Saint-Philippe,RE,2020-07-07 16:51:53,-21.36,55.77,69.8,94,75,18.34
6,Longyearbyen,SJ,2020-07-07 16:51:53,78.22,15.64,46.4,75,75,26.4
7,Talnakh,RU,2020-07-07 16:51:54,69.49,88.4,60.8,67,1,8.95
8,Socota,CO,2020-07-07 16:51:54,6.04,-72.64,62.47,69,94,5.46
9,Bathsheba,BB,2020-07-07 16:51:54,13.22,-59.52,86.0,70,40,11.41
10,Puerto Ayora,EC,2020-07-07 16:51:54,-0.74,-90.35,72.0,84,98,7.0
11,Luderitz,NA,2020-07-07 16:51:54,-26.65,15.16,66.2,63,0,20.8
12,Georgetown,MY,2020-07-07 16:51:15,5.41,100.34,77.0,94,40,3.8
13,Nikolskoye,RU,2020-07-07 16:51:54,59.7,30.79,66.2,59,40,6.71
14,Dikson,RU,2020-07-07 16:51:55,73.51,80.55,51.91,65,69,15.14
15,Yekaterinoslavka,RU,2020-07-07 16:51:55,50.37,129.11,51.26,95,29,8.03
16,Kamaishi,JP,2020-07-07 16:51:55,39.27,141.88,70.65,91,100,8.72
17,San Patricio,MX,2020-07-07 16:51:55,19.22,-104.7,84.2,79,40,6.93
18,Victoria,HK,2020-07-07 16:51:51,22.29,114.16,84.99,79,94,8.01
19,Butaritari,KI,2020-07-07 16:51:56,3.07,172.79,82.71,76,24,11.3
20,Klaksvik,FO,2020-07-07 16:51:56,62.23,-6.59,50.0,71,24,11.41
21,Avarua,CK,2020-07-07 16:51:56,-21.21,-159.78,73.4,73,76,9.17
22,Hobart,AU,2020-07-07 16:48:46,-42.88,147.33,36.0,93,28,10.29
23,Eureka,US,2020-07-07 16:47:46,40.8,-124.16,63.0,100,6,3.0
24,Smithers,CA,2020-07-07 16:51:56,54.78,-127.17,55.4,82,75,5.82
25,Sault Sainte Marie,CA,2020-07-07 16:51:57,46.52,-84.33,73.4,83,90,10.29
26,Jackson,US,2020-07-07 16:50:21,42.42,-122.83,66.0,67,40,1.54
27,Khatanga,RU,2020-07-07 16:51:57,71.97,102.5,47.8,72,8,15.43
28,Savannah Bight,HN,2020-07-07 16:51:57,16.45,-85.85,82.67,77,56,13.09
29,Lebu,CL,2020-07-07 16:51:57,-37.62,-73.65,49.26,79,96,24.18
30,Aguilas,ES,2020-07-07 16:51:57,37.41,-1.58,91.0,64,0,4.0
31,Ponta Do Sol,PT,2020-07-07 16:51:57,32.67,-17.1,78.01,71,3,3.87
32,Mareeba,AU,2020-07-07 16:51:58,-17.0,145.43,69.8,83,40,10.29
33,Albany,US,2020-07-07 16:51:58,42.6,-73.97,81.0,62,89,11.36
34,Kijang,KR,2020-07-07 16:51:58,35.24,129.21,73.4,83,75,3.36
35,Mar Del Plata,AR,2020-07-07 16:49:18,-38.0,-57.56,48.2,61,75,10.29
36,Kainantu,PG,2020-07-07 16:51:58,-6.29,145.87,59.14,95,43,2.21
37,Qaanaaq,GL,2020-07-07 16:51:58,77.48,-69.36,46.98,55,0,1.83
38,Punta Arenas,CL,2020-07-07 16:48:27,-53.15,-70.92,32.0,93,75,13.87
39,Cape Town,ZA,2020-07-07 16:49:14,-33.93,18.42,55.99,62,0,10.29
40,Hermanus,ZA,2020-07-07 16:51:59,-34.42,19.23,48.99,83,0,2.33
41,Ginir,ET,2020-07-07 16:51:59,7.13,40.7,59.63,90,28,6.33
42,New Norfolk,AU,2020-07-07 16:51:59,-42.78,147.06,35.01,89,27,2.3
43,Bengkulu,ID,2020-07-07 16:52:00,-3.8,102.27,76.53,89,100,5.77
44,Ueckermunde,DE,2020-07-07 16:52:00,53.74,14.04,66.2,42,49,9.17
45,Rikitea,PF,2020-07-07 16:52:00,-23.12,-134.97,70.48,81,95,11.54
46,Bambous Virieux,MU,2020-07-07 16:52:00,-20.34,57.76,72.0,100,75,12.75
47,Mataura,NZ,2020-07-07 16:52:00,-46.19,168.86,39.0,83,66,3.0
48,Sao Filipe,CV,2020-07-07 16:52:01,14.9,-24.5,74.93,82,36,7.05
49,Rocha,UY,2020-07-07 16:50:34,-34.48,-54.33,51.53,64,81,11.77
50,Hithadhoo,MV,2020-07-07 16:52:01,-0.6,73.08,84.56,76,91,10.22
51,Muros,ES,2020-07-07 16:52:01,42.78,-9.06,77.0,61,1,11.99
52,Dzhubga,RU,2020-07-07 16:52:01,44.32,38.7,79.81,74,14,2.42
53,Ahuimanu,US,2020-07-07 16:52:01,21.44,-157.84,77.0,69,40,8.05
54,Vanimo,PG,2020-07-07 16:52:02,-2.67,141.3,78.42,79,99,5.19
55,Saskylakh,RU,2020-07-07 16:52:02,71.92,114.08,47.53,76,17,8.39
56,Helong,CN,2020-07-07 16:52:02,42.54,129.0,54.3,84,0,5.61
57,Dingle,PH,2020-07-07 16:52:02,11.0,122.67,78.42,85,68,5.97
58,East London,ZA,2020-07-07 16:49:09,-33.02,27.91,62.33,60,99,13.31
59,Krasnoslobodsk,RU,2020-07-07 16:52:02,48.71,44.57,95.0,19,43,13.42
60,Kayankulam,IN,2020-07-07 16:48:09,9.18,76.5,78.48,88,77,4.85
61,Menongue,AO,2020-07-07 16:52:03,-14.66,17.69,61.3,29,0,4.47
62,Tasiilaq,GL,2020-07-07 16:52:03,65.61,-37.64,46.4,65,40,8.05
63,Busselton,AU,2020-07-07 16:52:03,-33.65,115.33,46.0,98,18,11.3
64,Ormara,PK,2020-07-07 16:52:03,25.21,64.64,86.31,83,100,7.85
65,Hasaki,JP,2020-07-07 16:52:04,35.73,140.83,80.6,83,75,17.22
66,Vaijapur,IN,2020-07-07 16:52:04,19.92,74.73,78.12,78,100,12.26
67,Paamiut,GL,2020-07-07 16:52:04,61.99,-49.67,39.92,94,100,8.01
68,Vaini,TO,2020-07-07 16:52:04,-21.2,-175.2,75.2,94,90,4.7
69,Lompoc,US,2020-07-07 16:50:00,34.64,-120.46,59.0,77,0,6.93
70,Port Shepstone,ZA,2020-07-07 16:50:29,-30.74,30.45,65.91,61,12,23.94
71,Mulanje,MW,2020-07-07 16:52:05,-16.03,35.5,65.08,68,16,7.54
72,Arraial Do Cabo,BR,2020-07-07 16:49:29,-22.97,-42.03,78.8,69,0,9.17
73,Bluff,NZ,2020-07-07 16:52:05,-46.6,168.33,39.0,83,60,3.0
74,Gigmoto,PH,2020-07-07 16:52:05,13.78,124.39,81.68,83,98,5.55
75,Kasongo-Lunda,CD,2020-07-07 16:52:05,-6.47,16.82,80.08,19,26,2.68
76,Saint Anthony,US,2020-07-07 16:52:06,45.02,-93.22,80.01,78,1,4.7
77,Kavaratti,IN,2020-07-07 16:52:06,10.57,72.64,83.46,81,100,17.09
78,Quatre Cocos,MU,2020-07-07 16:52:06,-20.21,57.76,72.0,100,75,12.75
79,Nome,US,2020-07-07 16:47:52,64.5,-165.41,48.2,87,90,9.17
80,Atuona,PF,2020-07-07 16:52:06,-9.8,-139.03,79.2,76,37,11.95
81,Sao Domingos Do Prata,BR,2020-07-07 16:52:06,-19.86,-42.97,75.52,45,0,6.71
82,Constitucion,CL,2020-07-07 16:48:03,-35.33,-72.42,54.14,67,67,15.35
83,Liverpool,GB,2020-07-07 16:52:07,53.41,-2.98,55.99,93,75,4.7
84,Khandyga,RU,2020-07-07 16:52:07,62.67,135.6,50.65,76,51,1.14
85,Mtimbira,TZ,2020-07-07 16:52:07,-8.78,36.35,73.17,56,87,2.59
86,Ahero,KE,2020-07-07 16:52:07,-0.17,34.92,71.6,78,75,13.87
87,Dwarka,IN,2020-07-07 16:52:07,22.24,68.97,82.72,83,96,26.06
88,Cidreira,BR,2020-07-07 16:52:07,-30.18,-50.21,58.05,92,100,21.09
89,Nabire,ID,2020-07-07 16:52:08,-3.37,135.48,76.05,90,100,3.04
90,Maneadero,MX,2020-07-07 16:52:08,31.72,-116.57,70.0,83,1,1.01
91,Sechura,PE,2020-07-07 16:52:08,-5.56,-80.82,74.23,57,41,8.84
92,Mahebourg,MU,2020-07-07 16:52:08,-20.41,57.7,71.6,100,75,12.75
93,Castro,BR,2020-07-07 16:52:08,-24.79,-50.01,72.16,59,51,12.1
94,Tura,IN,2020-07-07 16:52:08,25.52,90.22,77.05,96,100,7.65
95,Homer,US,2020-07-07 16:52:08,59.64,-151.55,54.0,93,90,8.05
96,Barrow,US,2020-07-07 16:49:30,71.29,-156.79,33.8,84,90,16.11
97,Aklavik,CA,2020-07-07 16:52:09,68.22,-135.01,48.2,81,75,3.36
98,Vestmanna,FO,2020-07-07 16:52:09,62.16,-7.17,50.0,71,61,11.41
99,Jamestown,US,2020-07-07 16:52:09,42.1,-79.24,84.2,51,20,4.7
100,Port Blair,IN,2020-07-07 16:52:09,11.67,92.75,81.93,80,100,7.43
101,Sayyan,YE,2020-07-07 16:52:09,15.17,44.32,70.39,44,49,5.99
102,Gat,IL,2020-07-07 16:52:09,31.61,34.76,84.0,62,0,3.0
103,Souillac,MU,2020-07-07 16:52:10,-20.52,57.52,71.6,100,75,12.75
104,Ancud,CL,2020-07-07 16:52:10,-41.87,-73.82,43.0,93,90,12.75
105,Port Alfred,ZA,2020-07-07 16:52:10,-33.59,26.89,57.99,72,100,3.0
106,Beruwala,LK,2020-07-07 16:52:10,6.48,79.98,80.4,84,79,3.51
107,Millerovo,RU,2020-07-07 16:52:11,48.92,40.4,84.6,35,0,9.95
108,Balkanabat,TM,2020-07-07 16:52:11,39.51,54.37,88.54,15,0,4.65
109,Seydi,TM,2020-07-07 16:52:11,39.48,62.91,86.88,13,8,12.66
110,Hokitika,NZ,2020-07-07 16:51:36,-42.72,170.97,47.16,75,96,1.3
111,Wenshang,CN,2020-07-07 16:52:12,35.73,116.5,80.44,58,86,5.5
112,Thompson,CA,2020-07-07 16:52:12,55.74,-97.86,75.2,44,20,12.75
113,Bethel,US,2020-07-07 16:52:12,41.37,-73.41,72.0,83,90,9.17
114,Tazovskiy,RU,2020-07-07 16:52:12,67.47,78.7,56.59,89,58,5.41
115,Porto Novo,BJ,2020-07-07 16:52:13,6.5,2.6,80.6,83,40,13.87
116,Namatanai,PG,2020-07-07 16:52:13,-3.67,152.43,78.58,82,12,7.45
117,Mehamn,NO,2020-07-07 16:52:13,71.04,27.85,55.4,66,40,14.99
118,Aktash,RU,2020-07-07 16:52:13,50.3,87.73,42.94,89,85,2.55
119,Kloulklubed,PW,2020-07-07 16:52:14,7.04,134.26,77.0,94,75,9.17
120,Ekimchan,RU,2020-07-07 16:52:14,53.07,132.97,48.43,91,100,4.5
121,Beidao,CN,2020-07-07 16:52:14,34.57,105.89,68.45,52,0,3.24
122,Salalah,OM,2020-07-07 16:52:14,17.02,54.09,82.4,88,40,5.82
123,Itarema,BR,2020-07-07 16:52:14,-2.92,-39.92,82.53,72,23,9.06
124,Norsup,VU,2020-07-07 16:52:14,-16.07,167.38,74.88,84,98,10.04
125,Kupang,ID,2020-07-07 16:52:14,-10.17,123.58,75.74,81,19,13.91
126,Kapaa,US,2020-07-07 16:52:15,22.08,-159.32,75.2,88,75,11.41
127,Abu Dhabi,AE,2020-07-07 16:49:39,24.47,54.37,93.2,67,9,5.82
128,Ostrovnoy,RU,2020-07-07 16:52:15,68.05,39.51,62.28,63,21,13.04
129,Beyla,GN,2020-07-07 16:52:15,8.68,-8.63,80.62,79,66,3.06
130,Gayeri,BF,2020-07-07 16:52:15,12.65,0.49,98.82,30,44,8.68
131,Karratha,AU,2020-07-07 16:52:15,-20.74,116.85,64.09,54,0,5.68
132,Kokopo,PG,2020-07-07 16:52:16,-4.35,152.26,77.49,79,17,8.12
133,Arkhara,RU,2020-07-07 16:52:16,49.42,130.08,54.43,94,53,6.15
134,Cayenne,GF,2020-07-07 16:52:16,4.93,-52.33,89.6,49,1,6.93
135,Pacific Grove,US,2020-07-07 16:52:16,36.62,-121.92,62.01,67,40,8.05
136,Hilo,US,2020-07-07 16:52:16,19.73,-155.09,71.6,83,40,4.7
137,Poros,GR,2020-07-07 16:52:16,37.5,23.45,82.99,68,2,3.0
138,Jiuquan,CN,2020-07-07 16:52:16,39.74,98.52,76.53,31,58,5.99
139,Mingaora,PK,2020-07-07 16:50:41,34.78,72.36,82.2,32,5,1.92
140,Kushiro,JP,2020-07-07 16:52:17,42.98,144.37,61.57,98,100,2.62
141,Esperance,AU,2020-07-07 16:52:17,-33.87,121.9,53.6,71,40,11.41
142,Vardo,NO,2020-07-07 16:52:17,70.37,31.11,53.6,71,40,12.75
143,Tiksi,RU,2020-07-07 16:52:17,71.69,128.87,33.67,96,100,5.68
144,Belmonte,BR,2020-07-07 16:47:26,-15.86,-38.88,78.8,65,40,6.93
145,Starkville,US,2020-07-07 16:49:48,33.45,-88.82,89.01,74,40,1.77
146,Phu Ly,VN,2020-07-07 16:48:26,20.54,105.91,84.16,81,94,7.43
147,Pisco,PE,2020-07-07 16:52:18,-13.7,-76.22,66.99,68,7,10.29
148,Caravelas,BR,2020-07-07 16:52:18,-17.71,-39.25,78.76,63,1,8.48
149,Puerto Escondido,MX,2020-07-07 16:52:18,15.85,-97.07,84.2,74,75,5.82
150,Pangkalanbuun,ID,2020-07-07 16:52:19,-2.68,111.62,75.45,95,48,1.92
151,Cervo,ES,2020-07-07 16:52:19,43.67,-7.41,68.0,78,13,5.01
152,Zyryanka,RU,2020-07-07 16:52:19,65.75,150.85,50.02,91,100,4.05
153,Ilulissat,GL,2020-07-07 16:52:19,69.22,-51.1,44.6,87,75,10.29
154,Clyde River,CA,2020-07-07 16:52:19,70.47,-68.59,39.2,100,90,12.75
155,Bredasdorp,ZA,2020-07-07 16:52:19,-34.53,20.04,55.4,66,0,4.7
156,Torbay,CA,2020-07-07 16:52:19,47.67,-52.73,62.01,62,20,10.29
157,Meadow Lake,US,2020-07-07 16:52:20,34.8,-106.54,89.01,30,75,7.43
158,Upernavik,GL,2020-07-07 16:52:20,72.79,-56.15,45.55,66,55,6.04
159,Kaitangata,NZ,2020-07-07 16:52:20,-46.28,169.85,39.99,73,90,8.01
160,Yar-Sale,RU,2020-07-07 16:52:20,66.83,70.83,72.64,62,100,10.67
161,Alepe,CI,2020-07-07 16:52:20,5.5,-3.66,80.6,83,40,12.75
162,Northam,GB,2020-07-07 16:52:20,51.03,-4.22,60.01,86,66,7.0
163,La Sarre,CA,2020-07-07 16:48:09,48.8,-79.2,68.99,91,99,8.63
164,Christchurch,NZ,2020-07-07 16:52:21,-43.53,172.63,43.0,87,51,11.41
165,Yulara,AU,2020-07-07 16:52:21,-25.24,130.99,42.8,56,0,6.93
166,Guiren,CN,2020-07-07 16:52:21,33.67,118.19,75.18,89,18,6.24
167,Lodwar,KE,2020-07-07 16:52:21,3.12,35.6,87.39,37,90,2.39
168,Kalmunai,LK,2020-07-07 16:52:22,7.42,81.82,83.71,76,100,4.34
169,Cherskiy,RU,2020-07-07 16:52:22,68.75,161.3,56.46,65,1,3.69
170,Tual,ID,2020-07-07 16:52:22,-5.67,132.75,79.97,83,79,20.42
171,Half Moon Bay,US,2020-07-07 16:47:27,37.46,-122.43,64.99,76,90,10.29
172,Quime,BO,2020-07-07 16:52:22,-16.98,-67.22,60.44,42,66,6.29
173,Fayaoue,NC,2020-07-07 16:52:22,-20.65,166.53,71.01,72,2,16.17
174,Irituia,BR,2020-07-07 16:52:22,-1.77,-47.44,79.99,92,3,3.33
175,Port Elizabeth,ZA,2020-07-07 16:52:23,-33.92,25.57,57.2,71,20,11.41
176,Mandalgovi,MN,2020-07-07 16:52:23,45.76,106.27,74.8,34,100,9.73
177,Shingu,JP,2020-07-07 16:52:23,33.73,135.98,73.22,95,100,8.86
178,Kaberamaido,UG,2020-07-07 16:52:23,1.74,33.16,68.13,86,90,3.13
179,Port Macquarie,AU,2020-07-07 16:51:52,-31.43,152.92,54.0,93,90,6.93
180,Lamar,US,2020-07-07 16:52:23,33.67,-95.58,78.01,94,90,5.82
181,Pecos,US,2020-07-07 16:52:24,31.42,-103.49,87.8,40,1,3.36
182,Carnarvon,AU,2020-07-07 16:52:24,-24.87,113.63,62.6,77,3,11.41
183,Alyangula,AU,2020-07-07 16:52:24,-13.85,136.42,64.4,93,0,12.24
184,Puro,PH,2020-07-07 16:52:24,12.48,123.38,81.63,82,72,8.01
185,Inhambane,MZ,2020-07-07 16:52:24,-23.86,35.38,68.0,82,0,4.7
186,Faya,SA,2020-07-07 16:52:24,18.39,42.45,73.4,73,94,9.17
187,San Cristobal,VE,2020-07-07 16:52:24,7.77,-72.22,89.6,49,40,11.41
188,Marang,MY,2020-07-07 16:52:25,5.21,103.21,80.6,88,20,4.7
189,Kodiak,US,2020-07-07 16:52:25,57.79,-152.41,55.4,87,90,3.36
190,Boden,SE,2020-07-07 16:52:25,65.83,21.69,59.0,77,21,3.36
191,Acarau,BR,2020-07-07 16:52:25,-2.89,-40.12,83.44,69,30,9.57
192,Laguna,US,2020-07-07 16:52:25,38.42,-121.42,70.0,55,1,4.7
193,Ahipara,NZ,2020-07-07 16:52:25,-35.17,173.17,52.99,73,67,21.39
194,Gombe,NG,2020-07-07 16:52:25,10.29,11.17,85.35,58,54,8.05
195,Tucurui,BR,2020-07-07 16:51:06,-3.77,-49.67,89.94,51,1,2.98
196,Kropotkin,RU,2020-07-07 16:52:26,45.44,40.58,79.27,61,18,6.53
197,Ayolas,PY,2020-07-07 16:52:26,-27.4,-56.9,53.44,97,100,10.45
198,Bastia,FR,2020-07-07 16:52:26,42.67,9.33,84.2,54,0,9.17
199,Kirakira,SB,2020-07-07 16:52:26,-10.45,161.92,79.59,84,91,9.91
200,Ler,SS,2020-07-07 16:52:27,8.3,30.14,76.59,79,81,0.76
201,Margate,GB,2020-07-07 16:48:50,51.38,1.39,66.0,58,92,4.0
202,Igarka,RU,2020-07-07 16:52:27,67.47,86.58,56.16,83,39,1.95
203,Petropavlovsk-Kamchatskiy,RU,2020-07-07 16:52:27,53.05,158.65,53.6,100,90,4.47
204,Taksimo,RU,2020-07-07 16:52:27,56.34,114.88,63.36,52,75,0.51
205,Poninka,UA,2020-07-07 16:52:27,50.18,27.54,56.39,75,100,16.24
206,Sitka,US,2020-07-07 16:52:28,57.05,-135.33,53.6,87,75,3.36
207,Nhulunbuy,AU,2020-07-07 16:52:28,-12.23,136.77,73.4,83,40,8.05
208,Olafsvik,IS,2020-07-07 16:52:28,64.89,-23.71,51.17,74,84,11.9
209,San Luis,AR,2020-07-07 16:52:28,-33.3,-66.34,50.9,46,87,6.17
210,Semenivka,UA,2020-07-07 16:52:28,52.18,32.58,66.94,93,96,9.55
211,Bilma,NE,2020-07-07 16:52:28,18.69,12.92,102.42,12,8,8.57
212,Airai,TL,2020-07-07 16:52:29,-8.93,125.41,55.67,100,75,4.25
213,Ulladulla,AU,2020-07-07 16:52:29,-35.35,150.47,50.0,100,90,8.05
214,Khonsa,IN,2020-07-07 16:52:29,27.02,95.57,71.33,94,100,3.96
215,Carutapera,BR,2020-07-07 16:52:29,-1.2,-46.02,79.84,89,48,4.72
216,Portland,US,2020-07-07 16:47:49,45.52,-122.68,59.0,82,90,8.05
217,Balabac,PH,2020-07-07 16:52:29,7.99,117.06,82.31,79,100,7.36
218,Bacabal,BR,2020-07-07 16:52:30,-4.29,-44.79,87.17,55,26,4.74
219,Zharkent,KZ,2020-07-07 16:52:30,44.16,80.0,69.96,31,0,3.87
220,Meulaboh,ID,2020-07-07 16:52:30,4.14,96.13,77.61,85,100,4.59
221,Sept-Iles,CA,2020-07-07 16:50:00,50.2,-66.38,64.99,77,75,9.17
222,Talara,PE,2020-07-07 16:52:30,-4.58,-81.27,73.4,69,20,23.04
223,Harbour Breton,CA,2020-07-07 16:52:31,47.48,-55.8,60.35,72,0,7.74
224,Iqaluit,CA,2020-07-07 16:48:15,63.75,-68.51,42.8,93,90,3.36
225,Hamilton,US,2020-07-07 16:48:45,39.18,-84.53,90.0,67,85,1.01
226,Santa Cruz,BO,2020-07-07 16:48:15,-17.8,-63.17,57.2,93,90,10.29
227,Teya,RU,2020-07-07 16:52:31,60.38,92.63,57.36,90,43,3.47
228,Sao Jose Da Coroa Grande,BR,2020-07-07 16:52:31,-8.9,-35.15,79.5,73,14,9.62
229,Waiuku,NZ,2020-07-07 16:52:31,-37.25,174.75,54.0,81,69,17.22
230,Dorgos,RO,2020-07-07 16:52:31,46.05,21.83,68.0,49,40,10.29
231,Harrismith,ZA,2020-07-07 16:52:32,-28.27,29.13,47.71,79,0,15.14
232,Tabou,CI,2020-07-07 16:52:32,4.42,-7.35,76.87,81,99,10.18
233,Salta,AR,2020-07-07 16:52:32,-24.79,-65.41,44.6,75,90,6.93
234,Zhucheng,CN,2020-07-07 16:52:32,35.99,119.4,72.21,77,93,3.67
235,Sanmenxia,CN,2020-07-07 16:52:32,34.77,111.18,78.87,73,0,7.63
236,Tuktoyaktuk,CA,2020-07-07 16:52:33,69.45,-133.04,37.4,93,90,9.17
237,Waingapu,ID,2020-07-07 16:52:33,-9.66,120.26,74.98,84,49,10.6
238,Port-Cartier,CA,2020-07-07 16:52:33,50.03,-66.87,64.99,77,75,9.17
239,Severo-Kurilsk,RU,2020-07-07 16:52:33,50.68,156.12,51.03,88,0,4.03
240,Fortuna,US,2020-07-07 16:52:33,40.6,-124.16,64.0,82,75,11.41
241,Khani,GE,2020-07-07 16:52:34,41.96,42.96,82.4,74,53,13.87
242,Cooma,AU,2020-07-07 16:52:34,-36.23,149.13,24.8,92,11,2.24
243,Chicama,PE,2020-07-07 16:52:34,-7.84,-79.15,71.53,58,39,10.8
244,Westport,US,2020-07-07 16:52:34,41.14,-73.36,71.6,83,90,11.41
245,Verkhnevilyuysk,RU,2020-07-07 16:52:34,63.45,120.32,49.78,72,0,4.34
246,Flinders,AU,2020-07-07 16:52:34,-34.58,150.86,54.0,88,92,1.01
247,Namibe,AO,2020-07-07 16:52:35,-15.2,12.15,71.38,58,0,6.02
248,Saiki,JP,2020-07-07 16:52:35,32.95,131.9,75.15,89,100,15.35
249,Inuvik,CA,2020-07-07 16:52:35,68.35,-133.72,44.6,75,75,5.28
250,Conde,BR,2020-07-07 16:50:32,-7.26,-34.91,84.2,66,40,11.41
251,Byron Bay,AU,2020-07-07 16:52:35,-28.65,153.62,53.6,81,62,8.05
252,Lang Son,VN,2020-07-07 16:52:35,21.83,106.73,77.47,93,67,4.27
253,Sile,TR,2020-07-07 16:52:35,41.18,29.61,81.0,72,46,3.0
254,Narsaq,GL,2020-07-07 16:52:36,60.92,-46.05,51.8,62,75,6.93
255,Sangar,RU,2020-07-07 16:52:36,63.92,127.47,49.59,61,3,1.32
256,Isangel,VU,2020-07-07 16:52:36,-19.55,169.27,70.63,77,100,11.12
257,Manado,ID,2020-07-07 16:52:36,1.49,124.85,75.2,94,40,2.24
258,Darhan,MN,2020-07-07 16:52:36,49.49,105.92,62.87,85,38,1.34
259,The Valley,AI,2020-07-07 16:52:37,18.22,-63.06,89.6,70,40,17.22
260,Peniche,PT,2020-07-07 16:52:37,39.36,-9.38,77.0,68,29,5.01
261,Sydney Mines,CA,2020-07-07 16:52:37,46.24,-60.22,70.0,49,20,9.17
262,Clinton,US,2020-07-07 16:52:37,42.59,-82.92,93.0,46,20,9.17
263,Agadez,NE,2020-07-07 16:52:37,19.75,10.25,102.07,8,0,5.7
264,Linxia,CN,2020-07-07 16:52:37,35.6,103.21,63.05,68,0,2.57
265,Severnoye,RU,2020-07-07 16:52:38,56.35,78.36,59.14,87,24,3.4
266,Port Augusta,AU,2020-07-07 16:52:38,-32.5,137.77,39.99,77,0,5.82
267,Skibbereen,IE,2020-07-07 16:52:38,51.55,-9.27,60.8,87,75,13.87
268,Nalut,LY,2020-07-07 16:52:38,30.33,10.85,93.34,17,0,13.38
269,Springbok,ZA,2020-07-07 16:52:38,-29.66,17.89,54.0,42,0,9.06
270,Powell,US,2020-07-07 16:50:56,40.16,-83.08,95.0,46,1,9.17
271,Brownsville,US,2020-07-07 16:52:39,25.9,-97.5,91.99,62,75,17.22
272,Codrington,AU,2020-07-07 16:52:39,-38.27,141.97,47.5,87,88,6.67
273,Ambon,ID,2020-07-07 16:52:39,-3.7,128.18,80.01,14,71,13.56
274,Saint George,US,2020-07-07 16:52:39,37.1,-113.58,93.99,8,1,1.59
275,Chuy,UY,2020-07-07 16:52:40,-33.7,-53.46,53.31,63,70,12.57
276,Kano,NG,2020-07-07 16:47:48,12.0,8.52,86.0,70,20,12.75
277,Olinda,BR,2020-07-07 16:52:40,-8.01,-34.86,82.4,65,40,13.87
278,Walker,US,2020-07-07 16:52:40,30.73,-95.57,90.0,66,20,11.41
279,Duncan,US,2020-07-07 16:52:01,34.5,-97.96,75.99,94,90,8.05
280,Villa Rica,US,2020-07-07 16:49:07,33.73,-84.92,77.0,78,90,5.01
281,Pochutla,MX,2020-07-07 16:52:40,15.74,-96.47,87.8,55,75,13.87
282,Ipixuna,BR,2020-07-07 16:52:41,-1.76,-48.8,87.8,62,75,4.7
283,Dingzhou,CN,2020-07-07 16:52:41,38.51,115.0,82.4,61,98,4.47
284,Anadyr,RU,2020-07-07 16:48:58,64.75,177.48,46.0,100,100,3.24
285,Phalodi,IN,2020-07-07 16:52:41,27.13,72.37,100.09,33,22,13.24
286,Takapau,NZ,2020-07-07 16:52:41,-40.03,176.35,46.99,84,48,4.0
287,Novosheshminsk,RU,2020-07-07 16:52:41,55.07,51.23,75.54,79,0,6.67
288,Cockburn Town,TC,2020-07-07 16:52:41,21.46,-71.14,86.0,70,40,16.11
289,Verkhnyaya Inta,RU,2020-07-07 16:52:42,65.98,60.31,70.07,83,94,8.48
290,Savinka,RU,2020-07-07 16:52:42,50.08,47.1,90.25,21,63,7.11
291,Turinsk,RU,2020-07-07 16:52:42,58.05,63.7,68.79,74,31,2.93
292,Ottawa,CA,2020-07-07 16:48:41,45.41,-75.7,88.0,54,75,4.7
293,Lajas,PR,2020-07-07 16:52:42,18.05,-67.06,86.0,72,33,3.0
294,Port Lincoln,AU,2020-07-07 16:52:42,-34.73,135.87,50.13,67,0,11.56
295,Mlonggo,ID,2020-07-07 16:52:42,-6.53,110.7,78.19,77,34,5.28
296,Macduff,GB,2020-07-07 16:52:43,57.67,-2.5,55.99,69,43,8.01
297,Saldanha,ZA,2020-07-07 16:52:43,-33.01,17.94,55.4,66,0,8.05
298,Zhigansk,RU,2020-07-07 16:52:43,66.77,123.37,49.35,69,0,9.93
299,Faanui,PF,2020-07-07 16:52:43,-16.48,-151.75,77.58,80,61,16.2
300,Tshikapa,CD,2020-07-07 16:52:43,-6.42,20.8,80.22,24,0,1.41
301,Ossora,RU,2020-07-07 16:52:43,59.24,163.07,50.14,93,100,6.42
302,Warangal,IN,2020-07-07 16:52:44,18.0,79.58,81.91,74,54,9.73
303,Niigata,JP,2020-07-07 16:52:44,37.9,139.02,71.6,100,90,3.36
304,Parabel,RU,2020-07-07 16:52:44,58.7,81.48,62.89,74,94,6.78
305,Kununurra,AU,2020-07-07 16:52:44,-15.77,128.73,66.2,29,22,9.17
306,Goderich,CA,2020-07-07 16:52:44,43.75,-81.72,87.01,77,0,1.01
307,Ust-Kuyga,RU,2020-07-07 16:52:44,70.02,135.6,42.46,90,100,5.55
308,Nacala,MZ,2020-07-07 16:52:44,-14.54,40.67,72.21,72,33,10.63
309,Lata,PT,2020-07-07 16:52:45,40.16,-8.33,93.0,51,42,6.69
310,Sorland,NO,2020-07-07 16:52:45,67.67,12.69,50.0,76,75,4.7
311,Sioux Lookout,CA,2020-07-07 16:52:45,50.1,-91.92,77.0,53,40,9.17
312,Tezu,IN,2020-07-07 16:52:45,27.92,96.17,79.18,76,100,1.86
313,Victor Harbor,AU,2020-07-07 16:52:45,-35.57,138.62,39.0,91,0,6.76
314,Bocas Del Toro,PA,2020-07-07 16:52:45,9.33,-82.25,72.0,50,74,7.0
315,Tornio,FI,2020-07-07 16:52:46,65.85,24.15,60.8,72,19,9.17
316,Jinxiang,CN,2020-07-07 16:52:46,22.86,115.7,82.92,84,97,8.77
317,Progreso,MX,2020-07-07 16:52:46,21.28,-89.67,95.0,62,40,16.11
318,Alice Springs,AU,2020-07-07 16:52:46,-23.7,133.88,37.4,64,0,3.36
319,Asau,RO,2020-07-07 16:52:46,46.43,26.4,57.0,94,100,3.65
320,Lavrentiya,RU,2020-07-07 16:52:46,65.58,-171.0,43.93,88,65,7.74
321,Mochudi,BW,2020-07-07 16:52:47,-24.42,26.15,69.8,16,0,4.7
322,Beberibe,BR,2020-07-07 16:52:47,-4.18,-38.13,84.2,51,20,13.87
323,Pangnirtung,CA,2020-07-07 16:52:47,66.15,-65.71,48.2,76,90,2.24
324,Sabang,ID,2020-07-07 16:52:47,5.89,95.32,82.87,73,100,10.42
325,Srednekolymsk,RU,2020-07-07 16:52:47,67.45,153.68,50.02,95,87,4.18
326,Chanasma,IN,2020-07-07 16:52:47,23.72,72.12,86.25,72,21,13.15
327,Balikpapan,ID,2020-07-07 16:52:48,-1.27,116.83,75.99,93,99,4.47
328,Cootamundra,AU,2020-07-07 16:52:48,-34.65,148.03,44.01,86,11,1.99
329,Taywarah,AF,2020-07-07 16:52:48,33.35,64.42,60.48,31,63,1.81
330,Alta Floresta,BR,2020-07-07 16:52:48,-9.88,-56.09,93.99,28,2,4.25
331,Beringovskiy,RU,2020-07-07 16:52:48,63.05,179.32,46.65,82,87,7.45
332,Saint-Pierre,RE,2020-07-07 16:52:48,-21.34,55.48,69.8,94,75,18.34
333,Ganzhou,CN,2020-07-07 16:52:48,28.82,115.43,76.51,95,100,2.08
334,Soverato,IT,2020-07-07 16:52:48,38.69,16.55,86.0,74,4,11.41
335,Mizdah,LY,2020-07-07 16:52:49,31.45,12.98,85.86,26,0,18.39
336,Coahuayana,MX,2020-07-07 16:52:49,18.73,-103.68,77.0,69,75,11.41
337,Sovetskiy,RU,2020-07-07 16:48:46,61.36,63.58,74.25,56,0,2.71
338,Provideniya,RU,2020-07-07 16:52:50,64.38,-173.3,43.27,94,100,6.13
339,Seymchan,RU,2020-07-07 16:52:50,62.88,152.43,52.3,71,27,4.12
340,Norman Wells,CA,2020-07-07 16:50:02,65.28,-126.83,53.6,71,90,10.29
341,Winnemucca,US,2020-07-07 16:52:50,40.97,-117.74,71.6,28,1,8.32
342,Hirara,JP,2020-07-07 16:52:50,24.8,125.28,83.82,83,100,16.73
343,Port Stanley,FK,2020-07-07 16:52:50,-51.7,-57.85,32.0,80,75,11.41
344,Kisangani,CD,2020-07-07 16:52:50,0.52,25.2,78.8,83,75,4.7
345,Golitsyno,RU,2020-07-07 16:52:50,55.61,36.98,75.0,82,25,11.18
346,Veraval,IN,2020-07-07 16:52:51,20.9,70.37,81.75,86,99,13.47
347,Hambantota,LK,2020-07-07 16:52:51,6.12,81.12,81.72,77,88,18.01
348,Bani Walid,LY,2020-07-07 16:52:51,31.76,13.99,85.46,32,0,18.05
349,Bara,NG,2020-07-07 16:52:51,10.37,10.73,87.06,56,55,7.9
350,Gizo,SB,2020-07-07 16:52:51,-8.1,156.84,81.09,78,25,6.8
351,Mayo,US,2020-07-07 16:52:51,38.89,-76.51,84.0,78,90,3.36
352,Contai,IN,2020-07-07 16:52:13,21.78,87.75,85.98,76,48,11.74
353,Riosucio,CO,2020-07-07 16:51:59,5.42,-75.7,73.4,88,40,2.24
354,Korla,CN,2020-07-07 16:52:52,41.76,86.15,91.99,55,0,4.92
355,Champerico,GT,2020-07-07 16:52:52,14.3,-91.92,86.0,62,40,3.67
356,Chernyshevskiy,RU,2020-07-07 16:52:52,63.01,112.47,50.76,92,82,5.44
357,Avera,US,2020-07-07 16:52:52,33.19,-82.53,80.6,100,1,3.36
358,La Ronge,CA,2020-07-07 16:52:53,55.1,-105.28,71.6,56,40,5.82
359,Adrar,MR,2020-07-07 16:52:53,20.5,-10.07,111.85,7,15,12.97
360,Cabo San Lucas,MX,2020-07-07 16:52:53,22.89,-109.91,91.4,51,20,3.36
361,Omboue,GA,2020-07-07 16:52:53,-1.57,9.26,74.8,79,61,8.7
362,Mpika,ZM,2020-07-07 16:52:53,-11.83,31.45,57.07,51,0,5.59
363,Kamyaran,IR,2020-07-07 16:52:54,34.8,46.94,89.6,10,75,4.7
364,Poum,NC,2020-07-07 16:52:54,-20.23,164.02,69.91,68,0,8.57
365,Bubaque,GW,2020-07-07 16:52:54,11.28,-15.83,81.28,80,98,11.07
366,Pampa,US,2020-07-07 16:52:54,35.54,-100.96,86.0,45,1,9.17
367,Saint-Augustin,CA,2020-07-07 16:52:54,51.23,-58.65,75.0,40,65,12.93
368,Riyadh,SA,2020-07-07 16:48:26,24.69,46.72,109.4,9,67,6.93
369,Karoi,ZW,2020-07-07 16:52:54,-16.81,29.69,57.56,64,17,5.55
370,Nantucket,US,2020-07-07 16:52:55,41.28,-70.1,71.01,72,1,11.41
371,Pevek,RU,2020-07-07 16:52:55,69.7,170.31,44.49,75,0,1.14
372,Mopti,ML,2020-07-07 16:52:55,14.67,-4.0,107.1,14,5,5.82
373,Makakilo City,US,2020-07-07 16:52:55,21.35,-158.09,73.4,78,20,4.7
374,Loma Bonita,PA,2020-07-07 16:52:55,8.38,-80.17,90.0,69,75,6.93
375,Labuhan,ID,2020-07-07 16:52:55,-6.88,112.21,76.69,85,75,8.43
376,Turka,UA,2020-07-07 16:52:56,49.15,23.03,59.0,83,65,4.0
377,Keetmanshoop,NA,2020-07-07 16:52:56,-26.58,18.13,59.99,35,35,15.9
378,Xai-Xai,MZ,2020-07-07 16:52:56,-25.05,33.64,68.32,53,0,4.74
379,Srbinovo,MK,2020-07-07 16:52:56,41.71,20.96,77.0,60,75,25.28
380,Ribeira Grande,PT,2020-07-07 16:52:56,38.52,-28.7,73.4,69,20,6.93
381,Primorsk,UA,2020-07-07 16:52:57,46.73,36.34,82.63,62,0,7.0
382,Waipawa,NZ,2020-07-07 16:52:57,-41.41,175.52,48.2,87,69,9.17
383,Friesoythe,DE,2020-07-07 16:52:57,53.02,7.85,61.0,68,99,5.01
384,Atar,MR,2020-07-07 16:52:57,20.52,-13.05,108.95,14,0,14.16
385,Grindavik,IS,2020-07-07 16:52:58,63.84,-22.43,51.8,71,40,11.41
386,Farafangana,MG,2020-07-07 16:52:58,-22.82,47.83,67.24,73,0,6.15
387,Savelugu,GH,2020-07-07 16:52:58,9.62,-0.83,89.98,54,81,4.32
388,Carahue,CL,2020-07-07 16:52:58,-38.7,-73.17,44.6,81,90,10.29
389,Nemuro,JP,2020-07-07 16:52:58,43.32,145.57,58.8,99,100,6.38
390,Chikitigarh,IN,2020-07-07 16:52:58,19.2,84.62,83.28,81,92,6.64
391,Katangli,RU,2020-07-07 16:52:58,51.71,143.23,50.22,92,95,3.8
392,Dongsheng,CN,2020-07-07 16:52:59,39.82,109.98,73.96,51,36,13.94
393,Richards Bay,ZA,2020-07-07 16:52:59,-28.78,32.04,69.8,65,18,18.92
394,Kabo,CF,2020-07-07 16:52:59,7.7,18.63,75.47,91,67,3.51
395,Linqing,CN,2020-07-07 16:52:59,36.85,115.71,79.11,62,86,7.9
396,Les Cayes,HT,2020-07-07 16:52:59,18.2,-73.75,90.45,53,5,8.3
397,San Juan,AR,2020-07-07 16:53:00,-31.54,-68.54,51.76,45,1,3.58
398,Lima,PE,2020-07-07 16:49:37,-12.04,-77.03,62.6,77,90,5.82
399,Sibolga,ID,2020-07-07 16:53:00,1.74,98.78,77.34,83,100,2.68
400,Maldonado,UY,2020-07-07 16:49:44,-34.67,-54.92,54.0,71,75,10.29
401,Necochea,AR,2020-07-07 16:53:00,-38.55,-58.74,46.17,61,87,4.09
402,Santa Isabel Do Rio Negro,BR,2020-07-07 16:53:00,-0.41,-65.02,86.58,71,42,0.89
403,Gavle,SE,2020-07-07 16:53:01,60.67,17.14,57.99,65,82,6.96
404,Broome,US,2020-07-07 16:53:01,42.25,-75.83,80.01,58,79,4.0
405,Kingston,JM,2020-07-07 16:52:13,18.0,-76.79,89.6,62,20,12.75
406,Deputatskiy,RU,2020-07-07 16:53:01,69.3,139.9,42.51,96,100,3.85
407,Isabela,PH,2020-07-07 16:53:01,6.71,121.97,78.71,82,100,3.29
408,Katsuura,JP,2020-07-07 16:53:01,35.13,140.3,80.01,93,100,5.99
409,College,US,2020-07-07 16:53:02,64.86,-147.8,59.0,77,75,4.7
410,Geraldton,AU,2020-07-07 16:53:02,-28.77,114.6,55.4,93,79,5.82
411,Leningradskiy,RU,2020-07-07 16:53:02,69.38,178.42,43.84,77,79,4.32
412,Port-Gentil,GA,2020-07-07 16:53:02,-0.72,8.78,78.8,83,40,13.87
413,Evensk,RU,2020-07-07 16:53:02,61.95,159.23,49.84,87,96,5.3
414,Bodden Town,KY,2020-07-07 16:53:02,19.28,-81.25,89.01,70,75,8.05
415,Samoded,RU,2020-07-07 16:53:03,63.61,40.51,61.92,78,93,2.93
416,Nizhniy Ingash,RU,2020-07-07 16:53:03,56.2,96.53,60.57,95,97,5.1
417,Boguchany,RU,2020-07-07 16:53:03,58.38,97.45,60.94,88,10,3.38
418,San Quintin,MX,2020-07-07 16:53:03,30.48,-115.95,74.77,62,0,10.89
419,Tommot,RU,2020-07-07 16:53:03,58.96,126.29,54.91,70,71,1.74
420,Severnyy,RU,2020-07-07 16:53:03,50.68,36.55,86.0,30,40,11.18
421,Lixourion,GR,2020-07-07 16:53:03,38.2,20.43,84.2,48,0,17.22
422,Bridlington,GB,2020-07-07 16:53:04,54.08,-0.19,55.99,87,100,5.82
423,Bom Jesus,BR,2020-07-07 16:50:39,-9.07,-44.36,90.72,29,0,7.78
424,Tuatapere,NZ,2020-07-07 16:50:05,-46.13,167.68,39.0,83,96,3.0
425,Marsa Matruh,EG,2020-07-07 16:53:04,31.35,27.25,80.6,65,20,10.29
426,Akyab,MM,2020-07-07 16:53:04,20.15,92.9,82.85,85,97,10.98
427,Nadym,RU,2020-07-07 16:53:05,65.53,72.52,74.03,64,99,14.03
428,Morgan City,US,2020-07-07 16:53:05,29.7,-91.21,84.2,89,20,8.05
429,Mongoumba,CF,2020-07-07 16:53:05,3.64,18.59,77.52,74,90,0.11
430,Hvide Sande,DK,2020-07-07 16:53:05,56.0,8.13,57.0,70,40,4.0
431,Walvis Bay,NA,2020-07-07 16:53:05,-22.96,14.51,69.8,46,0,8.05
432,Kargopol,RU,2020-07-07 16:53:06,61.51,38.95,68.54,82,57,2.39
433,Nuuk,GL,2020-07-07 16:53:06,64.18,-51.72,42.8,93,75,11.41
434,Jumla,NP,2020-07-07 16:53:06,29.27,82.18,63.81,68,100,2.04
435,Greymouth,NZ,2020-07-07 16:53:06,-42.47,171.2,46.09,79,96,2.84
436,Kavieng,PG,2020-07-07 16:53:06,-2.57,150.8,81.9,80,5,14.36
437,Burnie,AU,2020-07-07 16:53:07,-41.07,145.92,42.01,73,66,4.0
438,Ambulu,ID,2020-07-07 16:53:07,-8.35,113.61,73.99,87,63,4.03
439,Hovd,MN,2020-07-07 16:53:07,48.01,91.64,62.01,59,100,2.68
440,Abu Samrah,SY,2020-07-07 16:53:07,35.3,37.18,85.1,35,80,11.18
441,Shaunavon,CA,2020-07-07 16:53:07,49.65,-108.42,69.98,66,49,11.34
442,Santa Maria,BR,2020-07-07 16:53:08,-29.68,-53.81,51.85,95,100,11.48
443,Guerrero Negro,MX,2020-07-07 16:53:08,27.98,-114.06,78.91,48,0,11.81
444,Narasapur,IN,2020-07-07 16:53:08,16.45,81.67,83.66,83,80,6.98
445,Breisach,DE,2020-07-07 16:53:08,48.03,7.58,75.0,38,0,5.82
446,Bowen,AU,2020-07-07 16:53:08,-20.02,148.23,64.99,88,90,8.05
447,Manaure,CO,2020-07-07 16:53:08,11.78,-72.44,90.54,54,31,15.26
448,Kigoma,TZ,2020-07-07 16:53:09,-4.88,29.63,77.0,65,61,6.49
449,Sokoni,TZ,2020-07-07 16:53:09,-6.43,39.55,80.6,65,20,11.41
450,Tacuati,PY,2020-07-07 16:53:09,-23.45,-56.58,73.71,71,97,6.02
451,Auki,SB,2020-07-07 16:53:09,-8.77,160.7,77.77,86,67,3.13
452,Fare,PF,2020-07-07 16:53:09,-16.7,-151.02,78.24,79,51,17.87
453,Coihaique,CL,2020-07-07 16:53:09,-45.58,-72.07,26.6,92,90,3.36
454,Tecoanapa,MX,2020-07-07 16:53:10,16.52,-98.75,88.07,55,54,8.99
455,Bundaberg,AU,2020-07-07 16:53:10,-24.85,152.35,57.99,93,7,9.17
456,Alice Town,BS,2020-07-07 16:53:10,25.72,-79.3,86.23,65,7,7.18
457,Tigil,RU,2020-07-07 16:53:10,57.8,158.67,53.53,89,98,1.25
458,Yumen,CN,2020-07-07 16:53:10,40.28,97.2,79.99,25,17,13.78
459,Morondava,MG,2020-07-07 16:53:10,-20.28,44.28,73.29,68,0,8.1
460,Seryshevo,RU,2020-07-07 16:53:10,51.09,128.38,50.94,90,0,7.09
461,Prince Rupert,CA,2020-07-07 16:49:37,54.32,-130.32,55.4,93,90,2.93
462,Moindou,NC,2020-07-07 16:53:11,-21.69,165.68,60.8,87,75,2.24
463,Ulkan,RU,2020-07-07 16:53:11,57.24,107.32,63.37,79,12,1.48
464,Bilibino,RU,2020-07-07 16:53:11,68.05,166.44,53.82,66,46,1.45
465,Mount Isa,AU,2020-07-07 16:53:11,-20.73,139.5,55.4,32,0,6.93
466,Lagoa,PT,2020-07-07 16:53:11,39.05,-27.98,69.13,87,29,6.51
467,Tambura,SS,2020-07-07 16:53:12,5.6,27.47,70.63,95,62,3.31
468,Rafai,CF,2020-07-07 16:53:12,4.95,23.92,70.93,94,98,1.61
469,Syava,RU,2020-07-07 16:53:12,58.01,46.32,73.83,87,2,6.89
470,Zacualtipan,MX,2020-07-07 16:53:12,20.65,-98.6,73.02,67,97,4.76
471,Paris,FR,2020-07-07 16:51:11,48.85,2.35,80.01,31,0,9.17
472,Aksu,CN,2020-07-07 16:53:12,41.12,80.26,79.88,15,0,5.39
473,Santo Nino,PH,2020-07-07 16:53:13,6.43,124.7,74.73,82,100,0.51
474,Boende,CD,2020-07-07 16:53:13,-0.22,20.87,76.71,72,61,2.26
475,Astoria,US,2020-07-07 16:48:15,46.19,-123.83,57.99,93,90,5.82
476,Sinnamary,GF,2020-07-07 16:53:13,5.38,-52.95,84.49,61,2,7.23
477,Thunder Bay,CA,2020-07-07 16:48:41,48.4,-89.32,77.0,69,40,4.7
478,Damaturu,NG,2020-07-07 16:53:14,11.75,11.96,93.15,35,22,5.93
479,Touros,BR,2020-07-07 16:53:14,-5.2,-35.46,82.4,65,40,10.29
480,Manjacaze,MZ,2020-07-07 16:53:14,-24.71,33.88,65.79,48,0,3.58
481,Miri,MY,2020-07-07 16:53:14,4.41,114.01,77.0,94,40,2.82
482,Ustye,RU,2020-07-07 16:53:14,59.63,39.74,71.65,90,31,6.51
483,San Joaquin,VE,2020-07-07 16:53:14,10.26,-67.79,75.43,84,70,6.38
484,Okhotsk,RU,2020-07-07 16:53:15,59.38,143.3,49.73,82,100,1.5
485,Leopold,AU,2020-07-07 16:53:15,-38.18,144.47,42.01,100,75,2.46
486,Vestmannaeyjar,IS,2020-07-07 16:53:15,63.44,-20.27,55.4,76,100,14.99
487,Gimli,CA,2020-07-07 16:53:15,50.63,-96.99,80.01,86,0,7.0
488,Hofn,IS,2020-07-07 16:53:15,64.25,-15.21,51.85,77,55,7.63
489,Kholodnyy,RU,2020-07-07 16:53:15,62.72,147.95,49.75,76,61,6.42
490,Thinadhoo,MV,2020-07-07 16:53:16,0.53,72.93,84.45,75,96,10.2
491,Tabuk,PH,2020-07-07 16:53:16,17.42,121.44,76.37,85,86,1.77
492,Sao Joao Da Barra,BR,2020-07-07 16:53:16,-21.64,-41.05,80.6,61,20,8.61
493,Carballo,ES,2020-07-07 16:53:16,43.21,-8.69,86.0,64,0,7.0
494,Natal,BR,2020-07-07 16:51:53,-5.79,-35.21,84.2,58,40,16.11
495,Melville,US,2020-07-07 16:53:17,40.79,-73.42,78.01,78,90,11.41
496,Lamego,PT,2020-07-07 16:53:17,41.1,-7.81,93.0,3,17,9.08
497,Cacheu,GW,2020-07-07 16:53:17,12.27,-16.17,86.0,84,75,9.17
498,Broken Hill,AU,2020-07-07 16:53:17,-31.95,141.43,39.2,86,0,3.36
499,El Dorado,US,2020-07-07 16:53:18,33.21,-92.67,78.8,83,75,8.05
500,Bowling Green,US,2020-07-07 16:49:46,36.99,-86.44,91.0,62,1,4.7
501,Lykhivka,UA,2020-07-07 16:53:18,48.69,33.92,72.72,71,28,11.3
502,Nam Som,TH,2020-07-07 16:53:18,17.77,102.19,78.44,86,98,2.75
503,Mongomo,GQ,2020-07-07 16:53:18,1.63,11.31,72.12,92,49,2.68
504,Nijar,ES,2020-07-07 16:52:50,36.97,-2.21,80.6,78,0,5.82
505,Churapcha,RU,2020-07-07 16:53:19,62.0,132.43,52.38,83,97,3.4
506,Purushottampur,IN,2020-07-07 16:53:19,19.53,84.88,84.29,77,89,5.61
507,Bagdarin,RU,2020-07-07 16:53:19,54.43,113.6,56.3,83,65,0.94
508,Sioux Falls,US,2020-07-07 16:52:54,43.55,-96.7,81.0,69,40,9.17
509,Miles City,US,2020-07-07 16:53:19,46.41,-105.84,75.2,60,1,12.75
510,Muravlenko,RU,2020-07-07 16:53:19,63.79,74.52,71.4,62,79,11.45
511,Rewari,IN,2020-07-07 16:53:19,28.18,76.62,82.4,88,75,8.05
512,Benton Harbor,US,2020-07-07 16:53:20,42.12,-86.45,87.8,58,1,6.93
513,Lorengau,PG,2020-07-07 16:53:20,-2.02,147.27,81.5,81,93,10.47
514,Sao Gabriel Da Cachoeira,BR,2020-07-07 16:53:20,-0.13,-67.09,86.0,70,40,4.7
515,Cap Malheureux,MU,2020-07-07 16:53:20,-19.98,57.61,72.0,88,3,5.01
516,Tautira,PF,2020-07-07 16:53:20,-17.73,-149.15,73.4,88,40,2.24
517,Kaeo,NZ,2020-07-07 16:50:05,-35.1,173.78,51.01,3,41,5.99
518,Inta,RU,2020-07-07 16:53:21,66.03,60.17,70.63,82,96,9.15
519,Igrim,RU,2020-07-07 16:53:21,63.19,64.42,75.99,61,21,5.21
520,Ivdel,RU,2020-07-07 16:53:21,60.69,60.42,73.06,71,27,3.56
521,Mariveles,PH,2020-07-07 16:53:21,14.48,120.48,84.0,81,52,8.21
522,Chebenki,RU,2020-07-07 16:53:21,51.93,55.71,75.2,57,35,6.71
523,Bonavista,CA,2020-07-07 16:53:22,48.65,-53.11,55.99,77,0,3.0
524,Salina,US,2020-07-07 16:50:02,38.84,-97.61,91.99,55,1,5.82
525,Nizhniy Kuranakh,RU,2020-07-07 16:53:22,58.84,125.49,55.69,65,98,1.63
526,Sarkand,KZ,2020-07-07 16:53:22,45.41,79.92,64.0,50,27,6.11
527,La Cruz,MX,2020-07-07 16:53:23,23.92,-106.9,87.26,62,0,6.85
528,Inongo,CD,2020-07-07 16:53:23,-1.95,18.27,75.96,54,6,2.68
529,Husavik,IS,2020-07-07 16:53:23,66.04,-17.34,57.2,54,40,17.22
